"place_id","place_name","image_url"
1,"Gateway of India","/images/places/gateway-of-india.jpg"
2,"Marine Drive","/images/places/marine-drive.jpg"
6,"Elephanta Caves","/images/places/elephanta-caves.jpg"
18,"Tirupati","/images/places/tirupati.jpg"
19,"Tirumala","/images/places/tirumala.jpg"
20,"Visakhapatnam (Vizag)","/images/places/visakhapatnam-vizag.jpg"
21,"Araku Valley","/images/places/araku-valley.jpg"
22,"Borra Caves","/images/places/borra-caves.jpg"
23,"Vijayawada","/images/places/vijayawada.jpg"
24,"Amaravati","/images/places/amaravati.jpg"
25,"Srisailam","/images/places/srisailam.jpg"
26,"Gandikota","/images/places/gandikota.jpg"
27,"Horsley Hills","/images/places/horsley-hills.jpg"
28,"Papikondalu","/images/places/papikondalu.jpg"
29,"Rajahmundry","/images/places/rajahmundry.jpg"
30,"Konaseema","/images/places/konaseema.jpg"
31,"Lepakshi","/images/places/lepakshi.jpg"
32,"Belum Caves","/images/places/belum-caves.jpg"
33,"Kurnool","/images/places/kurnool.jpg"
34,"Mangalagiri","/images/places/mangalagiri.jpg"
35,"Machilipatnam","/images/places/machilipatnam.jpg"
36,"Pulicat Lake","/images/places/pulicat-lake.jpg"
37,"Sri Kalahasti","/images/places/sri-kalahasti.jpg"
38,"Tawang","/images/places/tawang.jpg"
39,"Tawang Monastery","/images/places/tawang-monastery.jpg"
40,"Bum La Pass","/images/places/bum-la-pass.jpg"
41,"Sela Pass","/images/places/sela-pass.jpg"
42,"Ziro Valley","/images/places/ziro-valley.jpg"
43,"Bomdila","/images/places/bomdila.jpg"
44,"Dirang","/images/places/dirang.jpg"
45,"Bhalukpong","/images/places/bhalukpong.jpg"
46,"Itanagar","/images/places/itanagar.jpg"
47,"Namdapha National Park","/images/places/namdapha-national-park.jpg"
48,"Mechuka","/images/places/mechuka.jpg"
49,"Pasighat","/images/places/pasighat.jpg"
50,"Roing","/images/places/roing.jpg"
51,"Anini","/images/places/anini.jpg"
52,"Aalo (Along)","/images/places/aalo-along.jpg"
53,"Parashuram Kund","/images/places/parashuram-kund.jpg"
54,"Golden Pagoda, Namsai","/images/places/golden-pagoda-namsai.jpg"
55,"Malinithan","/images/places/malinithan.jpg"
56,"Bhismaknagar","/images/places/bhismaknagar.jpg"
57,"Sangti Valley","/images/places/sangti-valley.jpg"
58,"Kaziranga National Park","/images/places/kaziranga-national-park.jpg"
59,"Manas National Park","/images/places/manas-national-park.jpg"
60,"Kamakhya Temple","/images/places/kamakhya-temple.jpg"
61,"Majuli Island","/images/places/majuli-island.jpg"
62,"Guwahati","/images/places/guwahati.jpg"
63,"Sivasagar","/images/places/sivasagar.jpg"
64,"Rang Ghar","/images/places/rang-ghar.jpg"
65,"Talatal Ghar","/images/places/talatal-ghar.jpg"
66,"Umananda Island","/images/places/umananda-island.jpg"
67,"Hajo","/images/places/hajo.jpg"
68,"Haflong","/images/places/haflong.jpg"
69,"Tezpur","/images/places/tezpur.jpg"
70,"Pobitora Wildlife Sanctuary","/images/places/pobitora-wildlife-sanctuary.jpg"
71,"Dibru-Saikhowa National Park","/images/places/dibru-saikhowa-national-park.jpg"
72,"Nameri National Park","/images/places/nameri-national-park.jpg"
73,"Dibrugarh","/images/places/dibrugarh.jpg"
74,"Sualkuchi","/images/places/sualkuchi.jpg"
75,"Charaideo","/images/places/charaideo.jpg"
76,"Jatinga","/images/places/jatinga.jpg"
77,"Panimoor Falls","/images/places/panimoor-falls.jpg"
78,"Bodh Gaya","/images/places/bodh-gaya.jpg"
79,"Mahabodhi Temple","/images/places/mahabodhi-temple.jpg"
80,"Nalanda","/images/places/nalanda.jpg"
81,"Nalanda Mahavihara","/images/places/nalanda-mahavihara.jpg"
82,"Rajgir","/images/places/rajgir.jpg"
83,"Vaishali","/images/places/vaishali.jpg"
84,"Patna","/images/places/patna.jpg"
85,"Golghar","/images/places/golghar.jpg"
86,"Patna Sahib Gurudwara","/images/places/patna-sahib-gurudwara.jpg"
87,"Pawapuri","/images/places/pawapuri.jpg"
88,"Vishnupad Temple","/images/places/vishnupad-temple.jpg"
89,"Kesariya Stupa","/images/places/kesariya-stupa.jpg"
90,"Barabar Caves","/images/places/barabar-caves.jpg"
91,"Valmiki National Park","/images/places/valmiki-national-park.jpg"
92,"Vikramshila","/images/places/vikramshila.jpg"
93,"Madhubani","/images/places/madhubani.jpg"
94,"Gaya","/images/places/gaya.jpg"
95,"Sonepur","/images/places/sonepur.jpg"
96,"Rajendra Smriti Sangrahalaya","/images/places/rajendra-smriti-sangrahalaya.jpg"
97,"Buddha Smriti Park","/images/places/buddha-smriti-park.jpg"
98,"Chitrakote Waterfall","/images/places/chitrakote-waterfall.jpg"
99,"Tirathgarh Waterfall","/images/places/tirathgarh-waterfall.jpg"
100,"Kanger Valley National Park","/images/places/kanger-valley-national-park.jpg"
101,"Jagdalpur","/images/places/jagdalpur.jpg"
102,"Bastar Palace","/images/places/bastar-palace.jpg"
103,"Danteshwari Temple","/images/places/danteshwari-temple.jpg"
104,"Bhoramdeo Temple","/images/places/bhoramdeo-temple.jpg"
105,"Sirpur","/images/places/sirpur.jpg"
106,"Barnawapara Wildlife Sanctuary","/images/places/barnawapara-wildlife-sanctuary.jpg"
107,"Achanakmar Wildlife Sanctuary","/images/places/achanakmar-wildlife-sanctuary.jpg"
108,"Indravati National Park","/images/places/indravati-national-park.jpg"
109,"Mainpat","/images/places/mainpat.jpg"
111,"Rajim","/images/places/rajim.jpg"
112,"Gangrel Dam","/images/places/gangrel-dam.jpg"
113,"Tamda Ghumar Waterfall","/images/places/tamda-ghumar-waterfall.jpg"
114,"Mendri Gumar Waterfall","/images/places/mendri-gumar-waterfall.jpg"
115,"Kutumsar Cave","/images/places/kutumsar-cave.jpg"
116,"Kailash Cave","/images/places/kailash-cave.jpg"
117,"Dalpat Sagar","/images/places/dalpat-sagar.jpg"
118,"Baga Beach","/images/places/baga-beach.jpg"
119,"Calangute Beach","/images/places/calangute-beach.jpg"
120,"Anjuna Beach","/images/places/anjuna-beach.jpg"
121,"Vagator Beach","/images/places/vagator-beach.jpg"
122,"Palolem Beach","/images/places/palolem-beach.jpg"
123,"Colva Beach","/images/places/colva-beach.jpg"
124,"Candolim Beach","/images/places/candolim-beach.jpg"
125,"Basilica of Bom Jesus","/images/places/basilica-of-bom-jesus.jpg"
126,"Se Cathedral","/images/places/se-cathedral.jpg"
127,"Fort Aguada","/images/places/fort-aguada.jpg"
128,"Chapora Fort","/images/places/chapora-fort.jpg"
129,"Dudhsagar Falls","/images/places/dudhsagar-falls.jpg"
130,"Panjim (Panaji)","/images/places/panjim-panaji.jpg"
131,"Fontainhas","/images/places/fontainhas.jpg"
132,"Dona Paula","/images/places/dona-paula.jpg"
133,"Salim Ali Bird Sanctuary","/images/places/salim-ali-bird-sanctuary.jpg"
134,"Reis Magos Fort","/images/places/reis-magos-fort.jpg"
135,"Miramar Beach","/images/places/miramar-beach.jpg"
136,"Grand Island","/images/places/grand-island.jpg"
137,"Shri Mangueshi Temple","/images/places/shri-mangueshi-temple.jpg"
138,"Statue of Unity","/images/places/statue-of-unity.jpg"
139,"Ahmedabad","/images/places/ahmedabad.jpg"
140,"Rann of Kutch","/images/places/rann-of-kutch.jpg"
141,"White Rann","/images/places/white-rann.jpg"
142,"Gir National Park","/images/places/gir-national-park.jpg"
143,"Somnath Temple","/images/places/somnath-temple.jpg"
144,"Dwarkadhish Temple","/images/places/dwarkadhish-temple.jpg"
145,"Dwarka","/images/places/dwarka.jpg"
146,"Sabarmati Ashram","/images/places/sabarmati-ashram.jpg"
147,"Modhera Sun Temple","/images/places/modhera-sun-temple.jpg"
148,"Rani ki Vav","/images/places/rani-ki-vav.png"
149,"Champaner-Pavagadh Archaeological Park","/images/places/champaner-pavagadh-archaeological-park.jpg"
150,"Junagadh","/images/places/junagadh.jpg"
151,"Girnar","/images/places/girnar.jpg"
152,"Dholavira","/images/places/dholavira.jpg"
153,"Lakhpat","/images/places/lakhpat.jpg"
154,"Saputara","/images/places/saputara.jpg"
155,"Marine National Park","/images/places/marine-national-park.jpg"
156,"Adalaj Stepwell","/images/places/adalaj-stepwell.jpg"
157,"Velavadar Blackbuck National Park","/images/places/velavadar-blackbuck-national-park.jpg"
158,"Gurugram","/images/places/gurugram.jpg"
159,"Kurukshetra","/images/places/kurukshetra.jpg"
160,"Brahma Sarovar","/images/places/brahma-sarovar.jpg"
161,"Jyotisar","/images/places/jyotisar.jpg"
162,"Sultanpur National Park","/images/places/sultanpur-national-park.jpg"
164,"Morni Hills","/images/places/morni-hills.jpg"
165,"Surajkund","/images/places/surajkund.jpg"
166,"Faridabad","/images/places/faridabad.jpg"
167,"Panipat","/images/places/panipat.jpg"
168,"Panipat Museum","/images/places/panipat-museum.jpg"
169,"Sheikh Chilli's Tomb","/images/places/sheikh-chillis-tomb.jpg"
170,"Raja Nahar Singh Palace","/images/places/raja-nahar-singh-palace.jpg"
171,"Rewari Heritage Steam Loco Museum","/images/places/rewari-heritage-steam-loco-museum.jpg"
172,"Badkhal Lake","/images/places/badkhal-lake.jpg"
174,"Bhindawas Wildlife Sanctuary","/images/places/bhindawas-wildlife-sanctuary.jpg"
175,"Hisar","/images/places/hisar.jpg"
176,"Agroha Dham","/images/places/agroha-dham.jpg"
177,"Kabuli Bagh Mosque","/images/places/kabuli-bagh-mosque.jpg"
178,"Shimla","/images/places/shimla.jpg"
179,"Manali","/images/places/manali.jpg"
180,"Dharamshala","/images/places/dharamshala.jpg"
181,"McLeod Ganj","/images/places/mcleod-ganj.jpg"
182,"Dalhousie","/images/places/dalhousie.jpg"
183,"Kullu","/images/places/kullu.jpg"
184,"Kasol","/images/places/kasol.jpg"
185,"Kinnaur","/images/places/kinnaur.jpg"
186,"Spiti Valley","/images/places/spiti-valley.jpg"
187,"Rohtang Pass","/images/places/rohtang-pass.jpg"
188,"Solang Valley","/images/places/solang-valley.jpg"
189,"Manikaran","/images/places/manikaran.jpg"
190,"Khajjiar","/images/places/khajjiar.jpg"
191,"Chail","/images/places/chail.jpg"
192,"Kufri","/images/places/kufri.jpg"
193,"Kasauli","/images/places/kasauli.jpg"
194,"Tirthan Valley","/images/places/tirthan-valley.jpg"
195,"Key Monastery","/images/places/key-monastery.jpg"
196,"Chandratal Lake","/images/places/chandratal-lake.jpg"
197,"Kalpa","/images/places/kalpa.jpg"
198,"Ranchi","/images/places/ranchi.jpg"
199,"Dassam Falls","/images/places/dassam-falls.jpg"
200,"Hundru Falls","/images/places/hundru-falls.jpg"
201,"Jonha Falls","/images/places/jonha-falls.jpg"
202,"Netarhat","/images/places/netarhat.jpg"
203,"Betla National Park","/images/places/betla-national-park.jpg"
204,"Deoghar","/images/places/deoghar.jpg"
205,"Baidyanath Dham","/images/places/baidyanath-dham.jpg"
206,"Parasnath Hills","/images/places/parasnath-hills.jpg"
207,"Shikharji","/images/places/shikharji.jpg"
208,"Hazaribagh","/images/places/hazaribagh.jpg"
209,"Hazaribagh National Park","/images/places/hazaribagh-national-park.jpg"
210,"Maithon Dam","/images/places/maithon-dam.jpg"
211,"Patratu Valley","/images/places/patratu-valley.jpg"
212,"Patratu Dam","/images/places/patratu-dam.jpg"
213,"Jagannath Temple, Ranchi","/images/places/jagannath-temple-ranchi.jpg"
214,"Tagore Hill","/images/places/tagore-hill.jpg"
215,"Usri Falls","/images/places/usri-falls.jpg"
216,"Lodh Falls","/images/places/lodh-falls.jpg"
217,"Palamau Tiger Reserve","/images/places/palamau-tiger-reserve.jpg"
218,"Bengaluru","/images/places/bengaluru.jpg"
219,"Mysuru Palace","/images/places/mysuru-palace.jpg"
220,"Hampi","/images/places/hampi.jpg"
221,"Coorg (Kodagu)","/images/places/coorg-kodagu.jpg"
222,"Gokarna","/images/places/gokarna.jpg"
223,"Jog Falls","/images/places/jog-falls.jpg"
224,"Chikmagalur","/images/places/chikmagalur.jpg"
225,"Badami","/images/places/badami.jpg"
226,"Pattadakal","/images/places/pattadakal.jpg"
227,"Aihole","/images/places/aihole.jpg"
228,"Belur","/images/places/belur.jpg"
229,"Halebidu","/images/places/halebidu.jpg"
230,"Bandipur National Park","/images/places/bandipur-national-park.jpg"
231,"Nagarhole National Park","/images/places/nagarhole-national-park.jpg"
232,"Kabini","/images/places/kabini.jpg"
233,"Udupi","/images/places/udupi.jpg"
234,"Murudeshwar","/images/places/murudeshwar.jpg"
235,"Dandeli","/images/places/dandeli.jpg"
236,"Kudremukh","/images/places/kudremukh.jpg"
237,"Shravanabelagola","/images/places/shravanabelagola.jpg"
238,"Munnar","/images/places/munnar.jpg"
239,"Alleppey (Alappuzha)","/images/places/alleppey-alappuzha.jpg"
240,"Kochi","/images/places/kochi.jpg"
241,"Thekkady","/images/places/thekkady.jpg"
242,"Wayanad","/images/places/wayanad.jpg"
243,"Kovalam","/images/places/kovalam.jpg"
244,"Varkala","/images/places/varkala.jpg"
245,"Kumarakom","/images/places/kumarakom.jpg"
246,"Bekal Fort","/images/places/bekal-fort.jpg"
247,"Vagamon","/images/places/vagamon.jpg"
248,"Athirappilly Waterfalls","/images/places/athirappilly-waterfalls.jpg"
249,"Periyar National Park","/images/places/periyar-national-park.jpg"
250,"Silent Valley National Park","/images/places/silent-valley-national-park.jpg"
251,"Sabarimala","/images/places/sabarimala.jpg"
252,"Guruvayur Temple","/images/places/guruvayur-temple.jpg"
253,"Thiruvananthapuram","/images/places/thiruvananthapuram.jpg"
254,"Kannur","/images/places/kannur.jpg"
255,"Kozhikode","/images/places/kozhikode.jpg"
256,"Marari Beach","/images/places/marari-beach.jpg"
257,"Munroe Island","/images/places/munroe-island.jpg"
258,"Khajuraho","/images/places/khajuraho.jpg"
259,"Ujjain","/images/places/ujjain.jpg"
260,"Bhopal","/images/places/bhopal.jpg"
261,"Indore","/images/places/indore.jpg"
262,"Gwalior","/images/places/gwalior.jpg"
263,"Orchha","/images/places/orchha.jpg"
264,"Sanchi","/images/places/sanchi.jpg"
265,"Pachmarhi","/images/places/pachmarhi.jpg"
266,"Kanha National Park","/images/places/kanha-national-park.jpg"
267,"Bandhavgarh National Park","/images/places/bandhavgarh-national-park.jpg"
268,"Pench National Park","/images/places/pench-national-park.jpg"
269,"Satpura National Park","/images/places/satpura-national-park.jpg"
270,"Mandu","/images/places/mandu.jpg"
271,"Bhimbetka","/images/places/bhimbetka.jpg"
272,"Omkareshwar","/images/places/omkareshwar.jpg"
273,"Maheshwar","/images/places/maheshwar.jpg"
275,"Jabalpur","/images/places/jabalpur.jpg"
276,"Amarkantak","/images/places/amarkantak.jpg"
277,"Shivpuri","/images/places/shivpuri.jpg"
278,"Imphal","/images/places/imphal.jpg"
279,"Loktak Lake","/images/places/loktak-lake.jpg"
280,"Keibul Lamjao National Park","/images/places/keibul-lamjao-national-park.jpg"
281,"Sendra Tourist Hub","/images/places/sendra-tourist-hub.jpg"
282,"Kangla Fort","/images/places/kangla-fort.jpg"
283,"Shri Govindajee Temple","/images/places/shri-govindajee-temple.jpg"
284,"Andro","/images/places/andro.jpg"
285,"Khongjom War Memorial","/images/places/khongjom-war-memorial.jpg"
286,"Moreh","/images/places/moreh.jpg"
287,"Ukhrul","/images/places/ukhrul.jpg"
288,"Shirui Hills","/images/places/shirui-hills.jpg"
290,"Singda Dam","/images/places/singda-dam.jpg"
291,"Leimakhong","/images/places/leimakhong.jpg"
292,"Khonghampat Orchidarium","/images/places/khonghampat-orchidarium.jpg"
293,"Ima Keithel","/images/places/ima-keithel.jpg"
294,"Sekta Archaeological Living Museum","/images/places/sekta-archaeological-living-museum.jpg"
295,"Tharon Cave","/images/places/tharon-cave.jpg"
296,"Kaina Temple","/images/places/kaina-temple.jpg"
297,"Waithou Lake","/images/places/waithou-lake.jpg"
298,"Shillong","/images/places/shillong.jpg"
299,"Cherrapunji (Sohra)","/images/places/cherrapunji-sohra.jpg"
300,"Dawki","/images/places/dawki.jpg"
301,"Nongriat","/images/places/nongriat.jpg"
302,"Double Decker Living Root Bridge","/images/places/double-decker-living-root-bridge.jpg"
303,"Mawlynnong","/images/places/mawlynnong.jpg"
304,"Laitlum Grand Canyon","/images/places/laitlum-grand-canyon.jpg"
305,"Nohkalikai Falls","/images/places/nohkalikai-falls.jpg"
306,"Seven Sisters Falls","/images/places/seven-sisters-falls.jpg"
307,"Mawsmai Cave","/images/places/mawsmai-cave.jpg"
308,"Arwah Cave","/images/places/arwah-cave.jpg"
309,"Krang Suri Waterfall","/images/places/krang-suri-waterfall.jpg"
310,"Umiam Lake","/images/places/umiam-lake.jpg"
311,"Elephant Falls","/images/places/elephant-falls.jpg"
312,"Mawphlang Sacred Forest","/images/places/mawphlang-sacred-forest.jpg"
313,"Nongpoh","/images/places/nongpoh.jpg"
314,"Jowai","/images/places/jowai.jpg"
315,"Nartiang Monoliths","/images/places/nartiang-monoliths.jpg"
316,"Balpakram National Park","/images/places/balpakram-national-park.jpg"
317,"Nokrek National Park","/images/places/nokrek-national-park.jpg"
318,"Mumbai","/images/places/mumbai.jpg"
319,"Ajanta Caves","/images/places/ajanta-caves.jpg"
320,"Ellora Caves","/images/places/ellora-caves.jpg"
321,"Shirdi","/images/places/shirdi.jpg"
322,"Nashik","/images/places/nashik.jpg"
323,"Mahabaleshwar","/images/places/mahabaleshwar.jpg"
324,"Lonavala","/images/places/lonavala.jpg"
325,"Khandala","/images/places/khandala.jpg"
326,"Matheran","/images/places/matheran.jpg"
327,"Alibaug","/images/places/alibaug.jpg"
328,"Panchgani","/images/places/panchgani.jpg"
329,"Pune","/images/places/pune.jpg"
330,"Raigad Fort","/images/places/raigad-fort.jpg"
331,"Pratapgad Fort","/images/places/pratapgad-fort.jpg"
332,"Tadoba-Andhari Tiger Reserve","/images/places/tadoba-andhari-tiger-reserve.jpg"
333,"Chhatrapati Sambhajinagar","/images/places/chhatrapati-sambhajinagar.jpg"
334,"Lonar Lake","/images/places/lonar-lake.jpg"
335,"Aizawl","/images/places/aizawl.jpg"
336,"Reiek","/images/places/reiek.jpg"
337,"Hmuifang","/images/places/hmuifang.jpg"
338,"Durtlang Hills","/images/places/durtlang-hills.jpg"
339,"Vantawng Falls","/images/places/vantawng-falls.jpg"
340,"Phawngpui (Blue Mountain) National Park","/images/places/phawngpui-blue-mountain-national-park.jpg"
341,"Champhai","/images/places/champhai.jpg"
342,"Tam Dil","/images/places/tam-dil.jpg"
343,"Rih Dil","/images/places/rih-dil.jpg"
344,"Thenzawl","/images/places/thenzawl.jpg"
345,"Serchhip","/images/places/serchhip.jpg"
346,"Lunglei","/images/places/lunglei.jpg"
347,"Murlen National Park","/images/places/murlen-national-park.jpg"
348,"Palak Lake","/images/places/palak-lake.jpg"
349,"Saitual","/images/places/saitual.jpg"
350,"Falkawn","/images/places/falkawn.jpg"
351,"Solomon's Temple","/images/places/solomons-temple.jpg"
352,"Khawnglung Wildlife Sanctuary","/images/places/khawnglung-wildlife-sanctuary.jpg"
353,"Tuirihiau Falls","/images/places/tuirihiau-falls.jpg"
354,"Lalsavunga Park","/images/places/lalsavunga-park.jpg"
355,"Kohima","/images/places/kohima.jpg"
356,"Kisama Heritage Village","/images/places/kisama-heritage-village.jpg"
357,"Dzüko Valley","/images/places/dzuko-valley.jpg"
358,"Japfu Peak","/images/places/japfu-peak.jpg"
359,"Kohima War Cemetery","/images/places/kohima-war-cemetery.jpg"
360,"Khonoma Village","/images/places/khonoma-village.jpg"
361,"Hornbill Festival","/images/places/hornbill-festival.jpg"
362,"Mokokchung","/images/places/mokokchung.jpg"
363,"Wokha","/images/places/wokha.jpg"
364,"Mount Pauna","/images/places/mount-pauna.jpg"
365,"Doyang Reservoir","/images/places/doyang-reservoir.jpg"
366,"Mon","/images/places/mon.jpg"
367,"Longwa Village","/images/places/longwa-village.jpg"
368,"Pfutsero","/images/places/pfutsero.jpg"
369,"Tuophema Village","/images/places/tuophema-village.jpg"
370,"Intangki National Park","/images/places/intangki-national-park.jpg"
371,"Benreu","/images/places/benreu.jpg"
372,"Shilloi Lake","/images/places/shilloi-lake.jpg"
373,"Satoi Range","/images/places/satoi-range.jpg"
374,"Kachari Ruins","/images/places/kachari-ruins.jpg"
375,"Puri","/images/places/puri.jpg"
376,"Jagannath Temple","/images/places/jagannath-temple.jpg"
377,"Konark Sun Temple","/images/places/konark-sun-temple.jpg"
378,"Bhubaneswar","/images/places/bhubaneswar.jpg"
379,"Chilika Lake","/images/places/chilika-lake.jpg"
380,"Lingaraj Temple","/images/places/lingaraj-temple.jpg"
381,"Udayagiri and Khandagiri Caves","/images/places/udayagiri-and-khandagiri-caves.jpg"
382,"Dhauli","/images/places/dhauli.jpg"
383,"Cuttack","/images/places/cuttack.jpg"
384,"Barabati Fort","/images/places/barabati-fort.jpg"
385,"Similipal National Park","/images/places/similipal-national-park.jpg"
386,"Gopalpur Beach","/images/places/gopalpur-beach.jpg"
387,"Chandipur Beach","/images/places/chandipur-beach.jpg"
388,"Daringbadi","/images/places/daringbadi.jpg"
389,"Raghurajpur","/images/places/raghurajpur.jpg"
390,"Nandankanan Zoological Park","/images/places/nandankanan-zoological-park.jpg"
391,"Satkosia Gorge","/images/places/satkosia-gorge.jpg"
392,"Bhitarkanika National Park","/images/places/bhitarkanika-national-park.jpg"
393,"Hirakud Dam","/images/places/hirakud-dam.jpg"
394,"Sambalpur","/images/places/sambalpur.jpg"
395,"Amritsar","/images/places/amritsar.jpg"
396,"Golden Temple","/images/places/golden-temple.jpg"
397,"Jallianwala Bagh","/images/places/jallianwala-bagh.jpg"
398,"Wagah Border","/images/places/wagah-border.jpg"
399,"Anandpur Sahib","/images/places/anandpur-sahib.jpg"
400,"Virasat-e-Khalsa","/images/places/virasat-e-khalsa.jpg"
401,"Patiala","/images/places/patiala.jpg"
402,"Qila Mubarak","/images/places/qila-mubarak.jpg"
403,"Bathinda Fort","/images/places/bathinda-fort.jpg"
404,"Ludhiana","/images/places/ludhiana.jpg"
405,"Harike Wetland","/images/places/harike-wetland.jpg"
406,"Sultanpur Lodhi","/images/places/sultanpur-lodhi.jpg"
407,"Durgiana Temple","/images/places/durgiana-temple.jpg"
408,"Gobindgarh Fort","/images/places/gobindgarh-fort.jpg"
409,"Tarn Taran Sahib","/images/places/tarn-taran-sahib.jpg"
410,"Kapurthala","/images/places/kapurthala.jpg"
411,"Rangla Punjab Haveli","/images/places/rangla-punjab-haveli.jpg"
412,"Ropar Wetland","/images/places/ropar-wetland.jpg"
413,"Pushpa Gujral Science City","/images/places/pushpa-gujral-science-city.jpg"
414,"Maharaja Ranjit Singh Museum","/images/places/maharaja-ranjit-singh-museum.jpg"
415,"Jaipur","/images/places/jaipur.jpg"
416,"Udaipur","/images/places/udaipur.jpg"
417,"Jodhpur","/images/places/jodhpur.jpg"
418,"Jaisalmer","/images/places/jaisalmer.jpg"
419,"Ajmer","/images/places/ajmer.jpg"
420,"Pushkar","/images/places/pushkar.jpg"
421,"Mount Abu","/images/places/mount-abu.jpg"
422,"Ranthambore National Park","/images/places/ranthambore-national-park.jpg"
423,"Chittorgarh Fort","/images/places/chittorgarh-fort.jpg"
424,"Mehrangarh Fort","/images/places/mehrangarh-fort.jpg"
425,"Amber Fort","/images/places/amber-fort.jpg"
426,"City Palace, Udaipur","/images/places/city-palace-udaipur.jpg"
427,"Hawa Mahal","/images/places/hawa-mahal.jpg"
428,"Jantar Mantar, Jaipur","/images/places/jantar-mantar-jaipur.jpg"
429,"Junagarh Fort","/images/places/junagarh-fort.jpg"
430,"Kumbhalgarh Fort","/images/places/kumbhalgarh-fort.jpg"
431,"Bikaner","/images/places/bikaner.jpg"
432,"Bundi","/images/places/bundi.jpg"
433,"Keoladeo National Park","/images/places/keoladeo-national-park.jpg"
434,"Sam Sand Dunes","/images/places/sam-sand-dunes.jpg"
435,"Gangtok","/images/places/gangtok.jpg"
436,"Tsomgo Lake","/images/places/tsomgo-lake.jpg"
437,"Nathula Pass","/images/places/nathula-pass.jpg"
438,"Pelling","/images/places/pelling.jpg"
439,"Yumthang Valley","/images/places/yumthang-valley.jpg"
440,"Lachung","/images/places/lachung.jpg"
441,"Lachen","/images/places/lachen.jpg"
442,"Gurudongmar Lake","/images/places/gurudongmar-lake.jpg"
443,"Ravangla","/images/places/ravangla.jpg"
444,"Namchi","/images/places/namchi.jpg"
445,"Zuluk","/images/places/zuluk.jpg"
446,"Rumtek Monastery","/images/places/rumtek-monastery.jpg"
447,"Khecheopalri Lake","/images/places/khecheopalri-lake.jpg"
448,"Yuksom","/images/places/yuksom.jpg"
449,"Dzongu","/images/places/dzongu.jpg"
450,"Temi Tea Garden","/images/places/temi-tea-garden.jpg"
451,"Buddha Park","/images/places/buddha-park.jpg"
452,"Pemayangtse Monastery","/images/places/pemayangtse-monastery.jpg"
453,"Khangchendzonga National Park","/images/places/khangchendzonga-national-park.jpg"
454,"Nathang Valley","/images/places/nathang-valley.jpg"
455,"Chennai","/images/places/chennai.jpg"
456,"Madurai","/images/places/madurai.jpg"
457,"Ooty","/images/places/ooty.jpg"
458,"Kodaikanal","/images/places/kodaikanal.jpg"
459,"Rameswaram","/images/places/rameswaram.jpg"
460,"Kanyakumari","/images/places/kanyakumari.jpg"
461,"Mahabalipuram","/images/places/mahabalipuram.jpg"
462,"Thanjavur","/images/places/thanjavur.jpg"
463,"Kanchipuram","/images/places/kanchipuram.jpg"
464,"Coimbatore","/images/places/coimbatore.jpg"
465,"Yercaud","/images/places/yercaud.jpg"
466,"Coonoor","/images/places/coonoor.jpg"
467,"Chidambaram","/images/places/chidambaram.jpg"
468,"Tiruchirappalli","/images/places/tiruchirappalli.jpg"
469,"Dhanushkodi","/images/places/dhanushkodi.jpg"
470,"Mudumalai National Park","/images/places/mudumalai-national-park.jpg"
471,"Meghamalai","/images/places/meghamalai.jpg"
472,"Valparai","/images/places/valparai.jpg"
473,"Courtallam","/images/places/courtallam.jpg"
474,"Hogenakkal Falls","/images/places/hogenakkal-falls.jpg"
475,"Hyderabad","/images/places/hyderabad.jpg"
476,"Charminar","/images/places/charminar.jpg"
477,"Golconda Fort","/images/places/golconda-fort.jpg"
478,"Hussain Sagar Lake","/images/places/hussain-sagar-lake.jpg"
479,"Salar Jung Museum","/images/places/salar-jung-museum.jpg"
480,"Chowmahalla Palace","/images/places/chowmahalla-palace.jpg"
481,"Ramoji Film City","/images/places/ramoji-film-city.jpg"
482,"Warangal","/images/places/warangal.jpg"
483,"Warangal Fort","/images/places/warangal-fort.jpg"
484,"Thousand Pillar Temple","/images/places/thousand-pillar-temple.jpg"
485,"Ramappa Temple","/images/places/ramappa-temple.jpg"
486,"Nagarjuna Sagar","/images/places/nagarjuna-sagar.jpg"
487,"Bhadrachalam","/images/places/bhadrachalam.jpg"
488,"Yadadri","/images/places/yadadri.jpg"
489,"Basara","/images/places/basara.jpg"
490,"Medaram","/images/places/medaram.jpg"
491,"Ananthagiri Hills","/images/places/ananthagiri-hills.jpg"
492,"Kuntala Waterfall","/images/places/kuntala-waterfall.jpg"
493,"Bogatha Waterfall","/images/places/bogatha-waterfall.jpg"
494,"Pakhal Lake","/images/places/pakhal-lake.jpg"
495,"Agartala","/images/places/agartala.jpg"
496,"Ujjayanta Palace","/images/places/ujjayanta-palace.jpg"
497,"Neermahal Palace","/images/places/neermahal-palace.jpg"
498,"Unakoti","/images/places/unakoti.jpg"
499,"Tripura Sundari Temple","/images/places/tripura-sundari-temple.jpg"
500,"Sepahijala Wildlife Sanctuary","/images/places/sepahijala-wildlife-sanctuary.jpg"
501,"Jampui Hills","/images/places/jampui-hills.jpg"
502,"Dumboor Lake","/images/places/dumboor-lake.jpg"
503,"Pilak","/images/places/pilak.jpg"
504,"Heritage Park","/images/places/heritage-park.jpg"
505,"Maharaja Bir Bikram College Lake","/images/places/maharaja-bir-bikram-college-lake.jpg"
506,"Venuban Vihar","/images/places/venuban-vihar.jpg"
507,"Chittorgarh Tourist Centre","/images/places/chittorgarh-tourist-centre.jpg"
508,"Tepania Eco Park","/images/places/tepania-eco-park.jpg"
509,"Debtamura","/images/places/debtamura.jpg"
510,"Matabari","/images/places/matabari.jpg"
511,"Boxanagar","/images/places/boxanagar.jpg"
512,"Kamalasagar","/images/places/kamalasagar.jpg"
513,"Rose Valley Park","/images/places/rose-valley-park.jpg"
514,"Gedu Mia's Mosque","/images/places/gedu-mias-mosque.jpg"
515,"Agra","/images/places/agra.jpg"
516,"Taj Mahal","/images/places/taj-mahal.jpg"
517,"Varanasi","/images/places/varanasi.jpg"
518,"Ayodhya","/images/places/ayodhya.jpg"
519,"Lucknow","/images/places/lucknow.jpg"
520,"Mathura","/images/places/mathura.jpg"
521,"Vrindavan","/images/places/vrindavan.jpg"
522,"Fatehpur Sikri","/images/places/fatehpur-sikri.jpg"
523,"Sarnath","/images/places/sarnath.jpg"
524,"Prayagraj","/images/places/prayagraj.jpg"
525,"Jhansi","/images/places/jhansi.jpg"
526,"Chitrakoot","/images/places/chitrakoot.jpg"
527,"Kushinagar","/images/places/kushinagar.jpg"
528,"Dudhwa National Park","/images/places/dudhwa-national-park.jpg"
529,"Kanpur","/images/places/kanpur.jpg"
530,"Meerut","/images/places/meerut.jpg"
531,"Vindhyachal","/images/places/vindhyachal.jpg"
532,"Barsana","/images/places/barsana.jpg"
533,"Agra Fort","/images/places/agra-fort.jpg"
534,"Bara Imambara","/images/places/bara-imambara.jpg"
535,"Nainital","/images/places/nainital.jpg"
536,"Mussoorie","/images/places/mussoorie.jpg"
537,"Rishikesh","/images/places/rishikesh.jpg"
538,"Haridwar","/images/places/haridwar.jpg"
539,"Kedarnath","/images/places/kedarnath.jpg"
540,"Badrinath","/images/places/badrinath.jpg"
541,"Valley of Flowers","/images/places/valley-of-flowers.jpg"
542,"Auli","/images/places/auli.jpg"
543,"Dehradun","/images/places/dehradun.jpg"
544,"Jim Corbett National Park","/images/places/jim-corbett-national-park.jpg"
545,"Ranikhet","/images/places/ranikhet.jpg"
546,"Almora","/images/places/almora.jpg"
547,"Kausani","/images/places/kausani.jpg"
548,"Chopta","/images/places/chopta.jpg"
549,"Mukteshwar","/images/places/mukteshwar.jpg"
550,"Dhanaulti","/images/places/dhanaulti.jpg"
551,"Lansdowne","/images/places/lansdowne.jpg"
552,"Pithoragarh","/images/places/pithoragarh.jpg"
553,"Tehri Lake","/images/places/tehri-lake.jpg"
554,"Hemkund Sahib","/images/places/hemkund-sahib.jpg"
555,"Kolkata","/images/places/kolkata.jpg"
556,"Darjeeling","/images/places/darjeeling.jpg"
557,"Siliguri","/images/places/siliguri.jpg"
558,"Kalimpong","/images/places/kalimpong.jpg"
559,"Digha","/images/places/digha.jpg"
560,"Sundarbans National Park","/images/places/sundarbans-national-park.jpg"
561,"Howrah Bridge","/images/places/howrah-bridge.jpg"
562,"Victoria Memorial","/images/places/victoria-memorial.jpg"
563,"Indian Museum","/images/places/indian-museum.jpg"
564,"Dakshineswar Kali Temple","/images/places/dakshineswar-kali-temple.jpg"
565,"Belur Math","/images/places/belur-math.jpg"
566,"Bishnupur","/images/places/bishnupur.jpg"
567,"Shantiniketan","/images/places/shantiniketan.jpg"
568,"Murshidabad","/images/places/murshidabad.jpg"
569,"Hazarduari Palace","/images/places/hazarduari-palace.jpg"
570,"Dooars","/images/places/dooars.jpg"
571,"Buxa Tiger Reserve","/images/places/buxa-tiger-reserve.jpg"
572,"Mirik","/images/places/mirik.jpg"
573,"Kurseong","/images/places/kurseong.jpg"
574,"Ganga Sagar","/images/places/ganga-sagar.jpg"
575,"Port Blair","/images/places/port-blair.jpg"
576,"Cellular Jail","/images/places/cellular-jail.jpg"
577,"Corbyn's Cove Beach","/images/places/corbyns-cove-beach.jpg"
578,"Ross Island","/images/places/ross-island.webp"
579,"North Bay Island","/images/places/north-bay-island.jpg"
580,"Havelock Island (Swaraj Dweep)","/images/places/havelock-island-swaraj-dweep.jpg"
581,"Radhanagar Beach","/images/places/radhanagar-beach.jpg"
582,"Elephant Beach","/images/places/elephant-beach.webp"
583,"Kalapathar Beach","/images/places/kalapathar-beach.jpg"
584,"Neil Island (Shaheed Dweep)","/images/places/neil-island-shaheed-dweep.jpg"
585,"Bharatpur Beach","/images/places/bharatpur-beach.jpg"
586,"Laxmanpur Beach","/images/places/laxmanpur-beach.jpg"
587,"Chidiya Tapu","/images/places/chidiya-tapu.jpg"
588,"Mount Harriet National Park","/images/places/mount-harriet-national-park.webp"
589,"Baratang Island","/images/places/baratang-island.jpg"
590,"Limestone Caves, Baratang","/images/places/limestone-caves-baratang.webp"
591,"Mud Volcanoes, Baratang","/images/places/mud-volcanoes-baratang.webp"
592,"Long Island","/images/places/long-island.webp"
593,"Diglipur","/images/places/diglipur.webp"
594,"Saddle Peak National Park","/images/places/saddle-peak-national-park.jpg"
595,"Rock Garden","/images/places/rock-garden.jpg"
596,"Sukhna Lake","/images/places/sukhna-lake.jpg"
597,"Rose Garden","/images/places/rose-garden.jpg"
598,"Capitol Complex","/images/places/capitol-complex.jpg"
599,"Government Museum and Art Gallery","/images/places/government-museum-and-art-gallery.jpg"
600,"Le Corbusier Centre","/images/places/le-corbusier-centre.jpg"
601,"Pinjore Gardens","/images/places/pinjore-gardens.jpg"
602,"Sukhna Wildlife Sanctuary","/images/places/sukhna-wildlife-sanctuary.jpg"
603,"Japanese Garden","/images/places/japanese-garden.jpg"
604,"Terraced Garden","/images/places/terraced-garden.jpg"
605,"Leisure Valley","/images/places/leisure-valley.jpg"
606,"International Dolls Museum","/images/places/international-dolls-museum.jpg"
607,"Chhatbir Zoo","/images/places/chhatbir-zoo.jpg"
608,"Elante Mall","/images/places/elante-mall.jpg"
609,"Garden of Fragrance","/images/places/garden-of-fragrance.jpg"
610,"Cactus Garden, Panchkula","/images/places/cactus-garden-panchkula.jpg"
611,"Nada Sahib Gurudwara","/images/places/nada-sahib-gurudwara.jpg"
612,"Bougainvillea Garden","/images/places/bougainvillea-garden.jpg"
613,"Shanti Kunj","/images/places/shanti-kunj.jpg"
614,"Fitness Trails, Sukhna Lake","/images/places/fitness-trails-sukhna-lake.jpg"
615,"Daman","/images/places/daman.jpg"
616,"Diu","/images/places/diu.jpg"
617,"Silvassa","/images/places/silvassa.avif"
618,"Devka Beach","/images/places/devka-beach.jpg"
619,"Jampore Beach","/images/places/jampore-beach.jpg"
620,"Nagoa Beach","/images/places/nagoa-beach.avif"
621,"Ghogla Beach","/images/places/ghogla-beach.jpg"
622,"Diu Fort","/images/places/diu-fort.jpg"
623,"St. Paul's Church","/images/places/st-pauls-church.jpg"
624,"Naida Caves","/images/places/naida-caves.jpg"
625,"INS Khukri Memorial","/images/places/ins-khukri-memorial.jpg"
626,"Daman Fort","/images/places/daman-fort.jpg"
627,"Moti Daman Fort","/images/places/moti-daman-fort.jpg"
628,"St. Jerome Fort","/images/places/st-jerome-fort.jpg"
629,"Dominican Monastery","/images/places/dominican-monastery.jpg"
630,"Gomatimata Beach","/images/places/gomatimata-beach.jpg"
631,"Vanganga Lake Garden","/images/places/vanganga-lake-garden.jpg"
632,"Tribal Museum, Silvassa","/images/places/tribal-museum-silvassa.jpg"
633,"Hirwa Van Garden","/images/places/hirwa-van-garden.jpg"
634,"Lion Safari Wildlife Park","/images/places/lion-safari-wildlife-park.jpg"
635,"India Gate","/images/places/india-gate.jpg"
636,"Red Fort","/images/places/red-fort.jpg"
637,"Qutub Minar","/images/places/qutub-minar.jpg"
638,"Humayun's Tomb","/images/places/humayuns-tomb.webp"
639,"Lotus Temple","/images/places/lotus-temple.jpg"
640,"Akshardham Temple","/images/places/akshardham-temple.jpg"
641,"Jama Masjid","/images/places/jama-masjid.jpg"
642,"Gurudwara Bangla Sahib","/images/places/gurudwara-bangla-sahib.jpg"
643,"Rashtrapati Bhavan","/images/places/rashtrapati-bhavan.webp"
644,"Parliament House","/images/places/parliament-house.webp"
645,"Raj Ghat","/images/places/raj-ghat.jpg"
646,"National Museum","/images/places/national-museum.jpg"
647,"National Gallery of Modern Art","/images/places/national-gallery-of-modern-art.jpg"
648,"Purana Qila","/images/places/purana-qila.jpg"
649,"Lodhi Garden","/images/places/lodhi-garden.jpg"
650,"Jantar Mantar","/images/places/jantar-mantar.jpg"
651,"Agrasen ki Baoli","/images/places/agrasen-ki-baoli.jpg"
652,"Dilli Haat","/images/places/dilli-haat.jpg"
653,"National Zoological Park","/images/places/national-zoological-park.jpg"
654,"Connaught Place","/images/places/connaught-place.jpg"
655,"Srinagar","/images/places/srinagar.jpg"
656,"Dal Lake","/images/places/dal-lake.jpg"
657,"Mughal Gardens","/images/places/mughal-gardens.jpg"
658,"Nishat Bagh","/images/places/nishat-bagh.jpg"
659,"Shalimar Bagh","/images/places/shalimar-bagh.jpg"
660,"Gulmarg","/images/places/gulmarg.jpg"
661,"Pahalgam","/images/places/pahalgam.jpg"
662,"Sonamarg","/images/places/sonamarg.jpg"
663,"Betaab Valley","/images/places/betaab-valley.jpg"
664,"Aru Valley","/images/places/aru-valley.jpg"
665,"Doodhpathri","/images/places/doodhpathri.jpg"
666,"Yusmarg","/images/places/yusmarg.jpg"
667,"Vaishno Devi","/images/places/vaishno-devi.jpg"
668,"Jammu","/images/places/jammu.jpg"
669,"Patnitop","/images/places/patnitop.jpg"
670,"Sanasar","/images/places/sanasar.jpg"
671,"Aharbal Waterfall","/images/places/aharbal-waterfall.jpg"
672,"Bangus Valley","/images/places/bangus-valley.png"
673,"Dachigam National Park","/images/places/dachigam-national-park.jpg"
674,"Wular Lake","/images/places/wular-lake.jpg"
675,"Leh","/images/places/leh.webp"
676,"Pangong Lake","/images/places/pangong-lake.avif"
677,"Nubra Valley","/images/places/nubra-valley.jpg"
678,"Khardung La","/images/places/khardung-la.jpg"
679,"Shanti Stupa","/images/places/shanti-stupa.jpg"
680,"Leh Palace","/images/places/leh-palace.jpg"
681,"Thiksey Monastery","/images/places/thiksey-monastery.jpg"
682,"Hemis Monastery","/images/places/hemis-monastery.jpg"
683,"Shey Palace","/images/places/shey-palace.jpg"
684,"Magnetic Hill","/images/places/magnetic-hill.webp"
685,"Gurudwara Pathar Sahib","/images/places/gurudwara-pathar-sahib.jpg"
686,"Alchi Monastery","/images/places/alchi-monastery.avif"
687,"Lamayuru","/images/places/lamayuru.jpg"
688,"Tso Moriri","/images/places/tso-moriri.jpg"
689,"Tso Kar","/images/places/tso-kar.jpg"
690,"Diskit Monastery","/images/places/diskit-monastery.jpg"
691,"Hunder","/images/places/hunder.jpg"
692,"Zanskar Valley","/images/places/zanskar-valley.jpg"
693,"Khalsar","/images/places/khalsar.webp"
694,"Hanle","/images/places/hanle.avif"
695,"Kavaratti","/images/places/kavaratti.jpg"
696,"Agatti Island","/images/places/agatti-island.jpg"
697,"Bangaram Island","/images/places/bangaram-island.jpg"
698,"Kadmat Island","/images/places/kadmat-island.jpg"
699,"Kalpeni Island","/images/places/kalpeni-island.jpg"
700,"Minicoy Island","/images/places/minicoy-island.avif"
701,"Bangaram Beach","/images/places/bangaram-beach.jpg"
702,"Agatti Beach","/images/places/agatti-beach.webp"
703,"Kavaratti Beach","/images/places/kavaratti-beach.jpg"
704,"Kadmat Beach","/images/places/kadmat-beach.jpg"
705,"Minicoy Lighthouse","/images/places/minicoy-lighthouse.jpg"
706,"Kavaratti Aquarium","/images/places/kavaratti-aquarium.jpg"
707,"Marine Aquarium, Kavaratti","/images/places/marine-aquarium-kavaratti.jpg"
708,"Kalpeni Lagoon","/images/places/kalpeni-lagoon.jpg"
709,"Thinnakara Island","/images/places/thinnakara-island.jpg"
710,"Parali Island","/images/places/parali-island.jpg"
711,"Suheli Islands","/images/places/suheli-islands.jpg"
712,"Bitra Island","/images/places/bitra-island.webp"
713,"Andrott Island","/images/places/andrott-island.jpg"
714,"Amini Island","/images/places/amini-island.jpg"
715,"Puducherry City","/images/places/puducherry-city.jpg"
716,"Promenade Beach","/images/places/promenade-beach.jpg"
717,"Sri Aurobindo Ashram","/images/places/sri-aurobindo-ashram.jpg"
718,"Auroville","/images/places/auroville.jpg"
719,"Matrimandir","/images/places/matrimandir.jpg"
720,"Paradise Beach","/images/places/paradise-beach.jpg"
721,"Serenity Beach","/images/places/serenity-beach.jpg"
722,"Auroville Beach","/images/places/auroville-beach.jpg"
723,"Basilica of the Sacred Heart of Jesus","/images/places/basilica-of-the-sacred-heart-of-jesus.jpg"
724,"French Quarter","/images/places/french-quarter.jpg"
725,"White Town","/images/places/white-town.jpg"
726,"Arikamedu","/images/places/arikamedu.jpg"
727,"Pondicherry Museum","/images/places/pondicherry-museum.jpg"
728,"Bharati Park","/images/places/bharati-park.jpg"
729,"Botanical Garden","/images/places/botanical-garden.jpg"
730,"Chunnambar Boat House","/images/places/chunnambar-boat-house.jpg"
731,"Manakula Vinayagar Temple","/images/places/manakula-vinayagar-temple.jpg"
732,"Immaculate Conception Cathedral","/images/places/immaculate-conception-cathedral.jpg"
733,"Gingee Fort","/images/places/gingee-fort.jpg"
734,"Ousteri Lake","/images/places/ousteri-lake.jpg"
